<?xml version="1.0" encoding="UTF-8" ?>

<!DOCTYPE struts PUBLIC
    "-//Apache Software Foundation//DTD Struts Configuration 2.0//EN"
    "http://struts.apache.org/dtds/struts-2.0.dtd">

<struts>
    <package name="adaptivePayment" extends="struts-default">
		<action name="paymentDetails" method="paymentDetails" class="com.paypal.platform.adaptivePayment.AdaptivePaymentAction" >
			<result>/jsp/public/Response.jsp</result>
		</action>
		
		<action name="pay" method="pay" class="com.paypal.platform.adaptivePayment.AdaptivePaymentAction" >
			<result>/jsp/public/Response.jsp</result>
		</action>
		
		<action name="preApproval" method="preApproval" class="com.paypal.platform.adaptivePayment.AdaptivePaymentAction" >
			<result>/jsp/public/Response.jsp</result>
		</action>
		
		<action name="preApprovalDetail" method="preApprovalDetail" class="com.paypal.platform.adaptivePayment.AdaptivePaymentAction" >
			<result>/jsp/public/Response.jsp</result>
		</action>
		
		<action name="refund" method="refund" class="com.paypal.platform.adaptivePayment.AdaptivePaymentAction" >
			<result>/jsp/public/Response.jsp</result>
		</action>
		
		<action name="cancelPreapproval" method="cancelPreapproval" class="com.paypal.platform.adaptivePayment.AdaptivePaymentAction" >
			<result>/jsp/public/Response.jsp</result>
		</action>
		
		<action name="converCurrency" method="converCurrency" class="com.paypal.platform.adaptivePayment.AdaptivePaymentAction" >
			<result>/jsp/public/Response.jsp</result>
		</action>
		
		<action name="getPaymentOption" method="getPaymentOption" class="com.paypal.platform.adaptivePayment.AdaptivePaymentAction" >
			<result>/jsp/public/Response.jsp</result>
		</action>
		
		<action name="setPaymentOption" method="setPaymentOption" class="com.paypal.platform.adaptivePayment.AdaptivePaymentAction" >
			<result>/jsp/public/Response.jsp</result>
		</action>
		
		<action name="executePaymentOption" method="executePaymentOption" class="com.paypal.platform.adaptivePayment.AdaptivePaymentAction" >
			<result>/jsp/public/Response.jsp</result>
		</action>
	</package>
	<package name="adaptiveAccount" extends="struts-default">
	   <action name="createAccount" method="createAccount" class="com.paypal.platform.adaptiveAccount.AdaptiveAccountAction" >
			<result>/jsp/public/Response.jsp</result>
		</action>
		<action name="addBankAccount" method="addBankAccount" class="com.paypal.platform.adaptiveAccount.AdaptiveAccountAction" >
			<result>/jsp/public/Response.jsp</result>
		</action>
		<action name="getVerifiedStatus" method="getVerifiedStatus" class="com.paypal.platform.adaptiveAccount.AdaptiveAccountAction" >
			<result>/jsp/public/Response.jsp</result>
		</action>
		<action name="addPaymentCard" method="addPaymentCard" class="com.paypal.platform.adaptiveAccount.AdaptiveAccountAction" >
			<result>/jsp/public/Response.jsp</result>
		</action>
		<action name="setFundingSourceConfirmed" method="setFundingSourceConfirmed" class="com.paypal.platform.adaptiveAccount.AdaptiveAccountAction" >
			<result>/jsp/public/Response.jsp</result>
		</action>
	</package>
	<package name="permissions" extends="struts-default">
	   <action name="requestPermission" method="requestPermission" class="com.paypal.platform.permissions.PermissionAction" >
			<result>/jsp/public/Response.jsp</result>
		</action>
		<action name="getAccessToken" method="getAccessToken" class="com.paypal.platform.permissions.PermissionAction" >
			<result>/jsp/public/Response.jsp</result>
		</action>
		<action name="getPermission" method="getPermission" class="com.paypal.platform.permissions.PermissionAction" >
			<result>/jsp/public/Response.jsp</result>
		</action>
		<action name="cancelPermission" method="cancelPermission" class="com.paypal.platform.permissions.PermissionAction" >
			<result>/jsp/public/Response.jsp</result>
		</action>
		<action name="getBasicPersonalData" method="getBasicPersonalData" class="com.paypal.platform.permissions.PermissionAction" >
			<result>/jsp/public/Response.jsp</result>
		</action>
		<action name="getAdvancedPersonalData" method="getAdvancedPersonalData" class="com.paypal.platform.permissions.PermissionAction" >
			<result>/jsp/public/Response.jsp</result>
		</action>
	</package>
</struts>