<?xml version="1.0"?>
<doc>
    <assembly>
        <name>PayPalInvoiceSDK</name>
    </assembly>
    <members>
        <member name="T:PayPal.Invoice.Model.EnumUtils">
            <summary>
            Utility class for Enums with descriptions
            </summary>
        </member>
        <member name="M:PayPal.Invoice.Model.EnumUtils.GetDescription(System.Enum)">
            <summary>
            Get description for a give enum value
            </summary>	
        </member>
        <member name="M:PayPal.Invoice.Model.EnumUtils.GetValue(System.String,System.Type)">
            <summary>
            Convert a string to an enum object
            </summary>	
        </member>
        <member name="T:PayPal.Invoice.Model.BaseAddress">
            <summary>
            
            </summary>
        </member>
        <member name="F:PayPal.Invoice.Model.BaseAddress.line1Field">
            <summary>
            
            </summary>
        </member>
        <member name="F:PayPal.Invoice.Model.BaseAddress.line2Field">
            <summary>
            
            </summary>
        </member>
        <member name="F:PayPal.Invoice.Model.BaseAddress.cityField">
            <summary>
            
            </summary>
        </member>
        <member name="F:PayPal.Invoice.Model.BaseAddress.stateField">
            <summary>
            
            </summary>
        </member>
        <member name="F:PayPal.Invoice.Model.BaseAddress.postalCodeField">
            <summary>
            
            </summary>
        </member>
        <member name="F:PayPal.Invoice.Model.BaseAddress.countryCodeField">
            <summary>
            
            </summary>
        </member>
        <member name="F:PayPal.Invoice.Model.BaseAddress.typeField">
            <summary>
            
            </summary>
        </member>
        <member name="M:PayPal.Invoice.Model.BaseAddress.#ctor(System.String,System.String,System.String)">
            <summary>
            Constructor with arguments
            </summary>
        </member>
        <member name="M:PayPal.Invoice.Model.BaseAddress.#ctor">
            <summary>
            Default Constructor
            </summary>
        </member>
        <member name="M:PayPal.Invoice.Model.BaseAddress.CreateInstance(System.Collections.Generic.Dictionary{System.String,System.String},System.String,System.Int32)">
            <summary>
            Factory method for creating new object instances. For use by the de-serialization classes only.
            </summary>
            <param name="map">NVP map as returned by an API call</param>
            <param name="prefix">NVP prefix for this class in the response</param>
            <param name="index">For array elements, index of this element in the response</param>
            <returns>
            A new BaseAddress object created from the passed in NVP map
            </returns>
        </member>
        <member name="T:PayPal.Invoice.Model.ErrorData">
            <summary>
            This type contains the detailed error information resulting
            from the service operation. 
            </summary>
        </member>
        <member name="F:PayPal.Invoice.Model.ErrorData.errorIdField">
            <summary>
            
            </summary>
        </member>
        <member name="F:PayPal.Invoice.Model.ErrorData.domainField">
            <summary>
            
            </summary>
        </member>
        <member name="F:PayPal.Invoice.Model.ErrorData.subdomainField">
            <summary>
            
            </summary>
        </member>
        <member name="F:PayPal.Invoice.Model.ErrorData.severityField">
            <summary>
            
            </summary>
        </member>
        <member name="F:PayPal.Invoice.Model.ErrorData.categoryField">
            <summary>
            
            </summary>
        </member>
        <member name="F:PayPal.Invoice.Model.ErrorData.messageField">
            <summary>
            
            </summary>
        </member>
        <member name="F:PayPal.Invoice.Model.ErrorData.exceptionIdField">
            <summary>
            
            </summary>
        </member>
        <member name="F:PayPal.Invoice.Model.ErrorData.parameterField">
            <summary>
            
            </summary>
        </member>
        <member name="M:PayPal.Invoice.Model.ErrorData.#ctor">
            <summary>
            Default Constructor
            </summary>
        </member>
        <member name="M:PayPal.Invoice.Model.ErrorData.CreateInstance(System.Collections.Generic.Dictionary{System.String,System.String},System.String,System.Int32)">
            <summary>
            Factory method for creating new object instances. For use by the de-serialization classes only.
            </summary>
            <param name="map">NVP map as returned by an API call</param>
            <param name="prefix">NVP prefix for this class in the response</param>
            <param name="index">For array elements, index of this element in the response</param>
            <returns>
            A new ErrorData object created from the passed in NVP map
            </returns>
        </member>
        <member name="T:PayPal.Invoice.Model.ErrorParameter">
            <summary>
            
            </summary>
        </member>
        <member name="F:PayPal.Invoice.Model.ErrorParameter.nameField">
            <summary>
            
            </summary>
        </member>
        <member name="F:PayPal.Invoice.Model.ErrorParameter.valueField">
            <summary>
            
            </summary>
        </member>
        <member name="M:PayPal.Invoice.Model.ErrorParameter.#ctor">
            <summary>
            Default Constructor
            </summary>
        </member>
        <member name="M:PayPal.Invoice.Model.ErrorParameter.CreateInstance(System.Collections.Generic.Dictionary{System.String,System.String},System.String,System.Int32)">
            <summary>
            Factory method for creating new object instances. For use by the de-serialization classes only.
            </summary>
            <param name="map">NVP map as returned by an API call</param>
            <param name="prefix">NVP prefix for this class in the response</param>
            <param name="index">For array elements, index of this element in the response</param>
            <returns>
            A new ErrorParameter object created from the passed in NVP map
            </returns>
        </member>
        <member name="T:PayPal.Invoice.Model.FaultMessage">
            <summary>
            This specifies a fault, encapsulating error data, with
            specific error codes. 
            </summary>
        </member>
        <member name="F:PayPal.Invoice.Model.FaultMessage.responseEnvelopeField">
            <summary>
            
            </summary>
        </member>
        <member name="F:PayPal.Invoice.Model.FaultMessage.errorField">
            <summary>
            
            </summary>
        </member>
        <member name="M:PayPal.Invoice.Model.FaultMessage.#ctor">
            <summary>
            Default Constructor
            </summary>
        </member>
        <member name="M:PayPal.Invoice.Model.FaultMessage.CreateInstance(System.Collections.Generic.Dictionary{System.String,System.String},System.String,System.Int32)">
            <summary>
            Factory method for creating new object instances. For use by the de-serialization classes only.
            </summary>
            <param name="map">NVP map as returned by an API call</param>
            <param name="prefix">NVP prefix for this class in the response</param>
            <param name="index">For array elements, index of this element in the response</param>
            <returns>
            A new FaultMessage object created from the passed in NVP map
            </returns>
        </member>
        <member name="T:PayPal.Invoice.Model.RequestEnvelope">
            <summary>
            This specifies the list of parameters with every request to
            the service. 
            </summary>
        </member>
        <member name="F:PayPal.Invoice.Model.RequestEnvelope.detailLevelField">
            <summary>
            
            </summary>
        </member>
        <member name="F:PayPal.Invoice.Model.RequestEnvelope.errorLanguageField">
            <summary>
            
            </summary>
        </member>
        <member name="M:PayPal.Invoice.Model.RequestEnvelope.#ctor(System.String)">
            <summary>
            Constructor with arguments
            </summary>
        </member>
        <member name="M:PayPal.Invoice.Model.RequestEnvelope.#ctor">
            <summary>
            Default Constructor
            </summary>
        </member>
        <member name="T:PayPal.Invoice.Model.ResponseEnvelope">
            <summary>
            This specifies a list of parameters with every response from
            a service. 
            </summary>
        </member>
        <member name="F:PayPal.Invoice.Model.ResponseEnvelope.timestampField">
            <summary>
            
            </summary>
        </member>
        <member name="F:PayPal.Invoice.Model.ResponseEnvelope.ackField">
            <summary>
            
            </summary>
        </member>
        <member name="F:PayPal.Invoice.Model.ResponseEnvelope.correlationIdField">
            <summary>
            
            </summary>
        </member>
        <member name="F:PayPal.Invoice.Model.ResponseEnvelope.buildField">
            <summary>
            
            </summary>
        </member>
        <member name="M:PayPal.Invoice.Model.ResponseEnvelope.#ctor">
            <summary>
            Default Constructor
            </summary>
        </member>
        <member name="M:PayPal.Invoice.Model.ResponseEnvelope.CreateInstance(System.Collections.Generic.Dictionary{System.String,System.String},System.String,System.Int32)">
            <summary>
            Factory method for creating new object instances. For use by the de-serialization classes only.
            </summary>
            <param name="map">NVP map as returned by an API call</param>
            <param name="prefix">NVP prefix for this class in the response</param>
            <param name="index">For array elements, index of this element in the response</param>
            <returns>
            A new ResponseEnvelope object created from the passed in NVP map
            </returns>
        </member>
        <member name="T:PayPal.Invoice.Model.AckCode">
            <summary>
            AckCodeType This code identifies the
             acknowledgment code types that could be used to
             communicate the status of processing a (request)
             message to an application. This code would be
             used as part of a response message that contains
             an application level acknowledgment element.
             
            </summary>
        </member>
        <member name="T:PayPal.Invoice.Model.DetailLevelCode">
            <summary>
            DetailLevelCodeType
             
            </summary>
        </member>
        <member name="T:PayPal.Invoice.Model.ErrorCategory">
            <summary>
            
            </summary>
        </member>
        <member name="T:PayPal.Invoice.Model.ErrorSeverity">
            <summary>
            
            </summary>
        </member>
        <member name="T:PayPal.Invoice.Model.PaymentTermsType">
            <summary>
            Specifies the payment terms for this invoice.
             
            </summary>
        </member>
        <member name="T:PayPal.Invoice.Model.PaymentMethodsType">
            <summary>
            Specifies the payment methods that can be used to mark an
            invoice as paid.
             
            </summary>
        </member>
        <member name="T:PayPal.Invoice.Model.StatusType">
            <summary>
            Specifies the invoice status.
             
            </summary>
        </member>
        <member name="T:PayPal.Invoice.Model.OriginType">
            <summary>
            Specifies the merchant or payer.
             
            </summary>
        </member>
        <member name="T:PayPal.Invoice.Model.ActorType">
            <summary>
            Specifies the merchant or payer.
             
            </summary>
        </member>
        <member name="T:PayPal.Invoice.Model.BusinessInfoType">
            <summary>
            Contact information for a company participating in the
            invoicing system. 
            </summary>
        </member>
        <member name="F:PayPal.Invoice.Model.BusinessInfoType.firstNameField">
            <summary>
            
            </summary>
        </member>
        <member name="F:PayPal.Invoice.Model.BusinessInfoType.lastNameField">
            <summary>
            
            </summary>
        </member>
        <member name="F:PayPal.Invoice.Model.BusinessInfoType.businessNameField">
            <summary>
            
            </summary>
        </member>
        <member name="F:PayPal.Invoice.Model.BusinessInfoType.phoneField">
            <summary>
            
            </summary>
        </member>
        <member name="F:PayPal.Invoice.Model.BusinessInfoType.faxField">
            <summary>
            
            </summary>
        </member>
        <member name="F:PayPal.Invoice.Model.BusinessInfoType.websiteField">
            <summary>
            
            </summary>
        </member>
        <member name="F:PayPal.Invoice.Model.BusinessInfoType.customValueField">
            <summary>
            
            </summary>
        </member>
        <member name="F:PayPal.Invoice.Model.BusinessInfoType.addressField">
            <summary>
            
            </summary>
        </member>
        <member name="M:PayPal.Invoice.Model.BusinessInfoType.#ctor">
            <summary>
            Default Constructor
            </summary>
        </member>
        <member name="M:PayPal.Invoice.Model.BusinessInfoType.CreateInstance(System.Collections.Generic.Dictionary{System.String,System.String},System.String,System.Int32)">
            <summary>
            Factory method for creating new object instances. For use by the de-serialization classes only.
            </summary>
            <param name="map">NVP map as returned by an API call</param>
            <param name="prefix">NVP prefix for this class in the response</param>
            <param name="index">For array elements, index of this element in the response</param>
            <returns>
            A new BusinessInfoType object created from the passed in NVP map
            </returns>
        </member>
        <member name="T:PayPal.Invoice.Model.InvoiceItemType">
            <summary>
            Item information about a service or product listed in the
            invoice. 
            </summary>
        </member>
        <member name="F:PayPal.Invoice.Model.InvoiceItemType.nameField">
            <summary>
            
            </summary>
        </member>
        <member name="F:PayPal.Invoice.Model.InvoiceItemType.descriptionField">
            <summary>
            
            </summary>
        </member>
        <member name="F:PayPal.Invoice.Model.InvoiceItemType.dateField">
            <summary>
            
            </summary>
        </member>
        <member name="F:PayPal.Invoice.Model.InvoiceItemType.quantityField">
            <summary>
            
            </summary>
        </member>
        <member name="F:PayPal.Invoice.Model.InvoiceItemType.unitPriceField">
            <summary>
            
            </summary>
        </member>
        <member name="F:PayPal.Invoice.Model.InvoiceItemType.taxNameField">
            <summary>
            
            </summary>
        </member>
        <member name="F:PayPal.Invoice.Model.InvoiceItemType.taxRateField">
            <summary>
            
            </summary>
        </member>
        <member name="M:PayPal.Invoice.Model.InvoiceItemType.#ctor(System.String,System.Nullable{System.Decimal},System.Nullable{System.Decimal})">
            <summary>
            Constructor with arguments
            </summary>
        </member>
        <member name="M:PayPal.Invoice.Model.InvoiceItemType.#ctor">
            <summary>
            Default Constructor
            </summary>
        </member>
        <member name="M:PayPal.Invoice.Model.InvoiceItemType.CreateInstance(System.Collections.Generic.Dictionary{System.String,System.String},System.String,System.Int32)">
            <summary>
            Factory method for creating new object instances. For use by the de-serialization classes only.
            </summary>
            <param name="map">NVP map as returned by an API call</param>
            <param name="prefix">NVP prefix for this class in the response</param>
            <param name="index">For array elements, index of this element in the response</param>
            <returns>
            A new InvoiceItemType object created from the passed in NVP map
            </returns>
        </member>
        <member name="T:PayPal.Invoice.Model.InvoiceItemListType">
            <summary>
            A list of invoice items. 
            </summary>
        </member>
        <member name="F:PayPal.Invoice.Model.InvoiceItemListType.itemField">
            <summary>
            
            </summary>
        </member>
        <member name="M:PayPal.Invoice.Model.InvoiceItemListType.#ctor(System.Collections.Generic.List{PayPal.Invoice.Model.InvoiceItemType})">
            <summary>
            Constructor with arguments
            </summary>
        </member>
        <member name="M:PayPal.Invoice.Model.InvoiceItemListType.#ctor">
            <summary>
            Default Constructor
            </summary>
        </member>
        <member name="M:PayPal.Invoice.Model.InvoiceItemListType.CreateInstance(System.Collections.Generic.Dictionary{System.String,System.String},System.String,System.Int32)">
            <summary>
            Factory method for creating new object instances. For use by the de-serialization classes only.
            </summary>
            <param name="map">NVP map as returned by an API call</param>
            <param name="prefix">NVP prefix for this class in the response</param>
            <param name="index">For array elements, index of this element in the response</param>
            <returns>
            A new InvoiceItemListType object created from the passed in NVP map
            </returns>
        </member>
        <member name="T:PayPal.Invoice.Model.InvoiceType">
            <summary>
            Invoice details about the merchant, payer, totals and terms.
            
            </summary>
        </member>
        <member name="F:PayPal.Invoice.Model.InvoiceType.merchantEmailField">
            <summary>
            
            </summary>
        </member>
        <member name="F:PayPal.Invoice.Model.InvoiceType.payerEmailField">
            <summary>
            
            </summary>
        </member>
        <member name="F:PayPal.Invoice.Model.InvoiceType.numberField">
            <summary>
            
            </summary>
        </member>
        <member name="F:PayPal.Invoice.Model.InvoiceType.merchantInfoField">
            <summary>
            
            </summary>
        </member>
        <member name="F:PayPal.Invoice.Model.InvoiceType.itemListField">
            <summary>
            
            </summary>
        </member>
        <member name="F:PayPal.Invoice.Model.InvoiceType.currencyCodeField">
            <summary>
            
            </summary>
        </member>
        <member name="F:PayPal.Invoice.Model.InvoiceType.invoiceDateField">
            <summary>
            
            </summary>
        </member>
        <member name="F:PayPal.Invoice.Model.InvoiceType.dueDateField">
            <summary>
            
            </summary>
        </member>
        <member name="F:PayPal.Invoice.Model.InvoiceType.paymentTermsField">
            <summary>
            
            </summary>
        </member>
        <member name="F:PayPal.Invoice.Model.InvoiceType.discountPercentField">
            <summary>
            
            </summary>
        </member>
        <member name="F:PayPal.Invoice.Model.InvoiceType.discountAmountField">
            <summary>
            
            </summary>
        </member>
        <member name="F:PayPal.Invoice.Model.InvoiceType.termsField">
            <summary>
            
            </summary>
        </member>
        <member name="F:PayPal.Invoice.Model.InvoiceType.noteField">
            <summary>
            
            </summary>
        </member>
        <member name="F:PayPal.Invoice.Model.InvoiceType.merchantMemoField">
            <summary>
            
            </summary>
        </member>
        <member name="F:PayPal.Invoice.Model.InvoiceType.billingInfoField">
            <summary>
            
            </summary>
        </member>
        <member name="F:PayPal.Invoice.Model.InvoiceType.shippingInfoField">
            <summary>
            
            </summary>
        </member>
        <member name="F:PayPal.Invoice.Model.InvoiceType.shippingAmountField">
            <summary>
            
            </summary>
        </member>
        <member name="F:PayPal.Invoice.Model.InvoiceType.shippingTaxNameField">
            <summary>
            
            </summary>
        </member>
        <member name="F:PayPal.Invoice.Model.InvoiceType.shippingTaxRateField">
            <summary>
            
            </summary>
        </member>
        <member name="F:PayPal.Invoice.Model.InvoiceType.logoUrlField">
            <summary>
            
            </summary>
        </member>
        <member name="F:PayPal.Invoice.Model.InvoiceType.referrerCodeField">
            <summary>
            
            </summary>
        </member>
        <member name="F:PayPal.Invoice.Model.InvoiceType.customAmountLabelField">
            <summary>
            
            </summary>
        </member>
        <member name="F:PayPal.Invoice.Model.InvoiceType.customAmountValueField">
            <summary>
            
            </summary>
        </member>
        <member name="M:PayPal.Invoice.Model.InvoiceType.#ctor(System.String,System.String,PayPal.Invoice.Model.InvoiceItemListType,System.String,System.Nullable{PayPal.Invoice.Model.PaymentTermsType})">
            <summary>
            Constructor with arguments
            </summary>
        </member>
        <member name="M:PayPal.Invoice.Model.InvoiceType.#ctor">
            <summary>
            Default Constructor
            </summary>
        </member>
        <member name="M:PayPal.Invoice.Model.InvoiceType.CreateInstance(System.Collections.Generic.Dictionary{System.String,System.String},System.String,System.Int32)">
            <summary>
            Factory method for creating new object instances. For use by the de-serialization classes only.
            </summary>
            <param name="map">NVP map as returned by an API call</param>
            <param name="prefix">NVP prefix for this class in the response</param>
            <param name="index">For array elements, index of this element in the response</param>
            <returns>
            A new InvoiceType object created from the passed in NVP map
            </returns>
        </member>
        <member name="T:PayPal.Invoice.Model.InvoiceDetailsType">
            <summary>
            Invoice details about the invoice status and state change
            dates. 
            </summary>
        </member>
        <member name="F:PayPal.Invoice.Model.InvoiceDetailsType.statusField">
            <summary>
            
            </summary>
        </member>
        <member name="F:PayPal.Invoice.Model.InvoiceDetailsType.totalAmountField">
            <summary>
            
            </summary>
        </member>
        <member name="F:PayPal.Invoice.Model.InvoiceDetailsType.originField">
            <summary>
            
            </summary>
        </member>
        <member name="F:PayPal.Invoice.Model.InvoiceDetailsType.createdDateField">
            <summary>
            
            </summary>
        </member>
        <member name="F:PayPal.Invoice.Model.InvoiceDetailsType.createdByField">
            <summary>
            
            </summary>
        </member>
        <member name="F:PayPal.Invoice.Model.InvoiceDetailsType.canceledDateField">
            <summary>
            
            </summary>
        </member>
        <member name="F:PayPal.Invoice.Model.InvoiceDetailsType.canceledByActorField">
            <summary>
            
            </summary>
        </member>
        <member name="F:PayPal.Invoice.Model.InvoiceDetailsType.canceledByField">
            <summary>
            
            </summary>
        </member>
        <member name="F:PayPal.Invoice.Model.InvoiceDetailsType.lastUpdatedDateField">
            <summary>
            
            </summary>
        </member>
        <member name="F:PayPal.Invoice.Model.InvoiceDetailsType.lastUpdatedByField">
            <summary>
            
            </summary>
        </member>
        <member name="F:PayPal.Invoice.Model.InvoiceDetailsType.firstSentDateField">
            <summary>
            
            </summary>
        </member>
        <member name="F:PayPal.Invoice.Model.InvoiceDetailsType.lastSentDateField">
            <summary>
            
            </summary>
        </member>
        <member name="F:PayPal.Invoice.Model.InvoiceDetailsType.lastSentByField">
            <summary>
            
            </summary>
        </member>
        <member name="F:PayPal.Invoice.Model.InvoiceDetailsType.paidDateField">
            <summary>
            
            </summary>
        </member>
        <member name="M:PayPal.Invoice.Model.InvoiceDetailsType.#ctor">
            <summary>
            Default Constructor
            </summary>
        </member>
        <member name="M:PayPal.Invoice.Model.InvoiceDetailsType.CreateInstance(System.Collections.Generic.Dictionary{System.String,System.String},System.String,System.Int32)">
            <summary>
            Factory method for creating new object instances. For use by the de-serialization classes only.
            </summary>
            <param name="map">NVP map as returned by an API call</param>
            <param name="prefix">NVP prefix for this class in the response</param>
            <param name="index">For array elements, index of this element in the response</param>
            <returns>
            A new InvoiceDetailsType object created from the passed in NVP map
            </returns>
        </member>
        <member name="T:PayPal.Invoice.Model.OtherPaymentRefundDetailsType">
            <summary>
            Details of the refund made against this invoice. 
            </summary>
        </member>
        <member name="F:PayPal.Invoice.Model.OtherPaymentRefundDetailsType.noteField">
            <summary>
            
            </summary>
        </member>
        <member name="F:PayPal.Invoice.Model.OtherPaymentRefundDetailsType.dateField">
            <summary>
            
            </summary>
        </member>
        <member name="M:PayPal.Invoice.Model.OtherPaymentRefundDetailsType.#ctor">
            <summary>
            Default Constructor
            </summary>
        </member>
        <member name="M:PayPal.Invoice.Model.OtherPaymentRefundDetailsType.CreateInstance(System.Collections.Generic.Dictionary{System.String,System.String},System.String,System.Int32)">
            <summary>
            Factory method for creating new object instances. For use by the de-serialization classes only.
            </summary>
            <param name="map">NVP map as returned by an API call</param>
            <param name="prefix">NVP prefix for this class in the response</param>
            <param name="index">For array elements, index of this element in the response</param>
            <returns>
            A new OtherPaymentRefundDetailsType object created from the passed in NVP map
            </returns>
        </member>
        <member name="T:PayPal.Invoice.Model.PayPalPaymentRefundDetailsType">
            <summary>
            Details of the paypal refund made against this invoice. 
            </summary>
        </member>
        <member name="F:PayPal.Invoice.Model.PayPalPaymentRefundDetailsType.dateField">
            <summary>
            
            </summary>
        </member>
        <member name="M:PayPal.Invoice.Model.PayPalPaymentRefundDetailsType.#ctor">
            <summary>
            Default Constructor
            </summary>
        </member>
        <member name="M:PayPal.Invoice.Model.PayPalPaymentRefundDetailsType.CreateInstance(System.Collections.Generic.Dictionary{System.String,System.String},System.String,System.Int32)">
            <summary>
            Factory method for creating new object instances. For use by the de-serialization classes only.
            </summary>
            <param name="map">NVP map as returned by an API call</param>
            <param name="prefix">NVP prefix for this class in the response</param>
            <param name="index">For array elements, index of this element in the response</param>
            <returns>
            A new PayPalPaymentRefundDetailsType object created from the passed in NVP map
            </returns>
        </member>
        <member name="T:PayPal.Invoice.Model.PayPalPaymentDetailsType">
            <summary>
            PayPal payment details about the invoice. 
            </summary>
        </member>
        <member name="F:PayPal.Invoice.Model.PayPalPaymentDetailsType.transactionIDField">
            <summary>
            
            </summary>
        </member>
        <member name="F:PayPal.Invoice.Model.PayPalPaymentDetailsType.dateField">
            <summary>
            
            </summary>
        </member>
        <member name="M:PayPal.Invoice.Model.PayPalPaymentDetailsType.#ctor">
            <summary>
            Default Constructor
            </summary>
        </member>
        <member name="M:PayPal.Invoice.Model.PayPalPaymentDetailsType.CreateInstance(System.Collections.Generic.Dictionary{System.String,System.String},System.String,System.Int32)">
            <summary>
            Factory method for creating new object instances. For use by the de-serialization classes only.
            </summary>
            <param name="map">NVP map as returned by an API call</param>
            <param name="prefix">NVP prefix for this class in the response</param>
            <param name="index">For array elements, index of this element in the response</param>
            <returns>
            A new PayPalPaymentDetailsType object created from the passed in NVP map
            </returns>
        </member>
        <member name="T:PayPal.Invoice.Model.OtherPaymentDetailsType">
            <summary>
            Offline payment details about the invoice. 
            </summary>
        </member>
        <member name="F:PayPal.Invoice.Model.OtherPaymentDetailsType.methodField">
            <summary>
            
            </summary>
        </member>
        <member name="F:PayPal.Invoice.Model.OtherPaymentDetailsType.noteField">
            <summary>
            
            </summary>
        </member>
        <member name="F:PayPal.Invoice.Model.OtherPaymentDetailsType.dateField">
            <summary>
            
            </summary>
        </member>
        <member name="M:PayPal.Invoice.Model.OtherPaymentDetailsType.#ctor">
            <summary>
            Default Constructor
            </summary>
        </member>
        <member name="M:PayPal.Invoice.Model.OtherPaymentDetailsType.CreateInstance(System.Collections.Generic.Dictionary{System.String,System.String},System.String,System.Int32)">
            <summary>
            Factory method for creating new object instances. For use by the de-serialization classes only.
            </summary>
            <param name="map">NVP map as returned by an API call</param>
            <param name="prefix">NVP prefix for this class in the response</param>
            <param name="index">For array elements, index of this element in the response</param>
            <returns>
            A new OtherPaymentDetailsType object created from the passed in NVP map
            </returns>
        </member>
        <member name="T:PayPal.Invoice.Model.PaymentDetailsType">
            <summary>
            Payment details about the invoice. 
            </summary>
        </member>
        <member name="F:PayPal.Invoice.Model.PaymentDetailsType.viaPayPalField">
            <summary>
            
            </summary>
        </member>
        <member name="F:PayPal.Invoice.Model.PaymentDetailsType.paypalPaymentField">
            <summary>
            
            </summary>
        </member>
        <member name="F:PayPal.Invoice.Model.PaymentDetailsType.otherPaymentField">
            <summary>
            
            </summary>
        </member>
        <member name="M:PayPal.Invoice.Model.PaymentDetailsType.#ctor">
            <summary>
            Default Constructor
            </summary>
        </member>
        <member name="M:PayPal.Invoice.Model.PaymentDetailsType.CreateInstance(System.Collections.Generic.Dictionary{System.String,System.String},System.String,System.Int32)">
            <summary>
            Factory method for creating new object instances. For use by the de-serialization classes only.
            </summary>
            <param name="map">NVP map as returned by an API call</param>
            <param name="prefix">NVP prefix for this class in the response</param>
            <param name="index">For array elements, index of this element in the response</param>
            <returns>
            A new PaymentDetailsType object created from the passed in NVP map
            </returns>
        </member>
        <member name="T:PayPal.Invoice.Model.DateRangeType">
            <summary>
            Determines an inclusive date range. 
            </summary>
        </member>
        <member name="F:PayPal.Invoice.Model.DateRangeType.startDateField">
            <summary>
            
            </summary>
        </member>
        <member name="F:PayPal.Invoice.Model.DateRangeType.endDateField">
            <summary>
            
            </summary>
        </member>
        <member name="M:PayPal.Invoice.Model.DateRangeType.#ctor">
            <summary>
            Default Constructor
            </summary>
        </member>
        <member name="T:PayPal.Invoice.Model.SearchParametersType">
            <summary>
            Search parameters criteria. 
            </summary>
        </member>
        <member name="F:PayPal.Invoice.Model.SearchParametersType.emailField">
            <summary>
            
            </summary>
        </member>
        <member name="F:PayPal.Invoice.Model.SearchParametersType.recipientNameField">
            <summary>
            
            </summary>
        </member>
        <member name="F:PayPal.Invoice.Model.SearchParametersType.businessNameField">
            <summary>
            
            </summary>
        </member>
        <member name="F:PayPal.Invoice.Model.SearchParametersType.invoiceNumberField">
            <summary>
            
            </summary>
        </member>
        <member name="F:PayPal.Invoice.Model.SearchParametersType.statusField">
            <summary>
            
            </summary>
        </member>
        <member name="F:PayPal.Invoice.Model.SearchParametersType.lowerAmountField">
            <summary>
            
            </summary>
        </member>
        <member name="F:PayPal.Invoice.Model.SearchParametersType.upperAmountField">
            <summary>
            
            </summary>
        </member>
        <member name="F:PayPal.Invoice.Model.SearchParametersType.currencyCodeField">
            <summary>
            
            </summary>
        </member>
        <member name="F:PayPal.Invoice.Model.SearchParametersType.memoField">
            <summary>
            
            </summary>
        </member>
        <member name="F:PayPal.Invoice.Model.SearchParametersType.originField">
            <summary>
            
            </summary>
        </member>
        <member name="F:PayPal.Invoice.Model.SearchParametersType.invoiceDateField">
            <summary>
            
            </summary>
        </member>
        <member name="F:PayPal.Invoice.Model.SearchParametersType.dueDateField">
            <summary>
            
            </summary>
        </member>
        <member name="F:PayPal.Invoice.Model.SearchParametersType.paymentDateField">
            <summary>
            
            </summary>
        </member>
        <member name="F:PayPal.Invoice.Model.SearchParametersType.creationDateField">
            <summary>
            
            </summary>
        </member>
        <member name="M:PayPal.Invoice.Model.SearchParametersType.#ctor">
            <summary>
            Default Constructor
            </summary>
        </member>
        <member name="T:PayPal.Invoice.Model.InvoiceSummaryType">
            <summary>
            Summary of invoice information. 
            </summary>
        </member>
        <member name="F:PayPal.Invoice.Model.InvoiceSummaryType.invoiceIDField">
            <summary>
            
            </summary>
        </member>
        <member name="F:PayPal.Invoice.Model.InvoiceSummaryType.merchantEmailField">
            <summary>
            
            </summary>
        </member>
        <member name="F:PayPal.Invoice.Model.InvoiceSummaryType.payerEmailField">
            <summary>
            
            </summary>
        </member>
        <member name="F:PayPal.Invoice.Model.InvoiceSummaryType.numberField">
            <summary>
            
            </summary>
        </member>
        <member name="F:PayPal.Invoice.Model.InvoiceSummaryType.billingBusinessNameField">
            <summary>
            
            </summary>
        </member>
        <member name="F:PayPal.Invoice.Model.InvoiceSummaryType.billingFirstNameField">
            <summary>
            
            </summary>
        </member>
        <member name="F:PayPal.Invoice.Model.InvoiceSummaryType.billingLastNameField">
            <summary>
            
            </summary>
        </member>
        <member name="F:PayPal.Invoice.Model.InvoiceSummaryType.shippingBusinessNameField">
            <summary>
            
            </summary>
        </member>
        <member name="F:PayPal.Invoice.Model.InvoiceSummaryType.shippingFirstNameField">
            <summary>
            
            </summary>
        </member>
        <member name="F:PayPal.Invoice.Model.InvoiceSummaryType.shippingLastNameField">
            <summary>
            
            </summary>
        </member>
        <member name="F:PayPal.Invoice.Model.InvoiceSummaryType.totalAmountField">
            <summary>
            
            </summary>
        </member>
        <member name="F:PayPal.Invoice.Model.InvoiceSummaryType.currencyCodeField">
            <summary>
            
            </summary>
        </member>
        <member name="F:PayPal.Invoice.Model.InvoiceSummaryType.invoiceDateField">
            <summary>
            
            </summary>
        </member>
        <member name="F:PayPal.Invoice.Model.InvoiceSummaryType.dueDateField">
            <summary>
            
            </summary>
        </member>
        <member name="F:PayPal.Invoice.Model.InvoiceSummaryType.statusField">
            <summary>
            
            </summary>
        </member>
        <member name="F:PayPal.Invoice.Model.InvoiceSummaryType.originField">
            <summary>
            
            </summary>
        </member>
        <member name="F:PayPal.Invoice.Model.InvoiceSummaryType.referrerCodeField">
            <summary>
            
            </summary>
        </member>
        <member name="M:PayPal.Invoice.Model.InvoiceSummaryType.#ctor">
            <summary>
            Default Constructor
            </summary>
        </member>
        <member name="M:PayPal.Invoice.Model.InvoiceSummaryType.CreateInstance(System.Collections.Generic.Dictionary{System.String,System.String},System.String,System.Int32)">
            <summary>
            Factory method for creating new object instances. For use by the de-serialization classes only.
            </summary>
            <param name="map">NVP map as returned by an API call</param>
            <param name="prefix">NVP prefix for this class in the response</param>
            <param name="index">For array elements, index of this element in the response</param>
            <returns>
            A new InvoiceSummaryType object created from the passed in NVP map
            </returns>
        </member>
        <member name="T:PayPal.Invoice.Model.InvoiceSummaryListType">
            <summary>
            A list of invoice summaries. 
            </summary>
        </member>
        <member name="F:PayPal.Invoice.Model.InvoiceSummaryListType.invoiceField">
            <summary>
            
            </summary>
        </member>
        <member name="M:PayPal.Invoice.Model.InvoiceSummaryListType.#ctor">
            <summary>
            Default Constructor
            </summary>
        </member>
        <member name="M:PayPal.Invoice.Model.InvoiceSummaryListType.CreateInstance(System.Collections.Generic.Dictionary{System.String,System.String},System.String,System.Int32)">
            <summary>
            Factory method for creating new object instances. For use by the de-serialization classes only.
            </summary>
            <param name="map">NVP map as returned by an API call</param>
            <param name="prefix">NVP prefix for this class in the response</param>
            <param name="index">For array elements, index of this element in the response</param>
            <returns>
            A new InvoiceSummaryListType object created from the passed in NVP map
            </returns>
        </member>
        <member name="T:PayPal.Invoice.Model.CreateInvoiceRequest">
            <summary>
            The request object for CreateInvoice. 
            </summary>
        </member>
        <member name="F:PayPal.Invoice.Model.CreateInvoiceRequest.requestEnvelopeField">
            <summary>
            
            </summary>
        </member>
        <member name="F:PayPal.Invoice.Model.CreateInvoiceRequest.invoiceField">
            <summary>
            
            </summary>
        </member>
        <member name="M:PayPal.Invoice.Model.CreateInvoiceRequest.#ctor(PayPal.Invoice.Model.RequestEnvelope,PayPal.Invoice.Model.InvoiceType)">
            <summary>
            Constructor with arguments
            </summary>
        </member>
        <member name="M:PayPal.Invoice.Model.CreateInvoiceRequest.#ctor">
            <summary>
            Default Constructor
            </summary>
        </member>
        <member name="T:PayPal.Invoice.Model.CreateInvoiceResponse">
            <summary>
            The response object for CreateInvoice. 
            </summary>
        </member>
        <member name="F:PayPal.Invoice.Model.CreateInvoiceResponse.responseEnvelopeField">
            <summary>
            
            </summary>
        </member>
        <member name="F:PayPal.Invoice.Model.CreateInvoiceResponse.invoiceIDField">
            <summary>
            
            </summary>
        </member>
        <member name="F:PayPal.Invoice.Model.CreateInvoiceResponse.invoiceNumberField">
            <summary>
            
            </summary>
        </member>
        <member name="F:PayPal.Invoice.Model.CreateInvoiceResponse.invoiceURLField">
            <summary>
            
            </summary>
        </member>
        <member name="F:PayPal.Invoice.Model.CreateInvoiceResponse.totalAmountField">
            <summary>
            
            </summary>
        </member>
        <member name="F:PayPal.Invoice.Model.CreateInvoiceResponse.errorField">
            <summary>
            
            </summary>
        </member>
        <member name="M:PayPal.Invoice.Model.CreateInvoiceResponse.#ctor">
            <summary>
            Default Constructor
            </summary>
        </member>
        <member name="M:PayPal.Invoice.Model.CreateInvoiceResponse.CreateInstance(System.Collections.Generic.Dictionary{System.String,System.String},System.String,System.Int32)">
            <summary>
            Factory method for creating new object instances. For use by the de-serialization classes only.
            </summary>
            <param name="map">NVP map as returned by an API call</param>
            <param name="prefix">NVP prefix for this class in the response</param>
            <param name="index">For array elements, index of this element in the response</param>
            <returns>
            A new CreateInvoiceResponse object created from the passed in NVP map
            </returns>
        </member>
        <member name="T:PayPal.Invoice.Model.SendInvoiceRequest">
            <summary>
            The request object for SendInvoice. 
            </summary>
        </member>
        <member name="F:PayPal.Invoice.Model.SendInvoiceRequest.requestEnvelopeField">
            <summary>
            
            </summary>
        </member>
        <member name="F:PayPal.Invoice.Model.SendInvoiceRequest.invoiceIDField">
            <summary>
            
            </summary>
        </member>
        <member name="M:PayPal.Invoice.Model.SendInvoiceRequest.#ctor(PayPal.Invoice.Model.RequestEnvelope,System.String)">
            <summary>
            Constructor with arguments
            </summary>
        </member>
        <member name="M:PayPal.Invoice.Model.SendInvoiceRequest.#ctor">
            <summary>
            Default Constructor
            </summary>
        </member>
        <member name="T:PayPal.Invoice.Model.SendInvoiceResponse">
            <summary>
            The response object for SendInvoice. 
            </summary>
        </member>
        <member name="F:PayPal.Invoice.Model.SendInvoiceResponse.responseEnvelopeField">
            <summary>
            
            </summary>
        </member>
        <member name="F:PayPal.Invoice.Model.SendInvoiceResponse.invoiceIDField">
            <summary>
            
            </summary>
        </member>
        <member name="F:PayPal.Invoice.Model.SendInvoiceResponse.invoiceURLField">
            <summary>
            
            </summary>
        </member>
        <member name="F:PayPal.Invoice.Model.SendInvoiceResponse.errorField">
            <summary>
            
            </summary>
        </member>
        <member name="M:PayPal.Invoice.Model.SendInvoiceResponse.#ctor">
            <summary>
            Default Constructor
            </summary>
        </member>
        <member name="M:PayPal.Invoice.Model.SendInvoiceResponse.CreateInstance(System.Collections.Generic.Dictionary{System.String,System.String},System.String,System.Int32)">
            <summary>
            Factory method for creating new object instances. For use by the de-serialization classes only.
            </summary>
            <param name="map">NVP map as returned by an API call</param>
            <param name="prefix">NVP prefix for this class in the response</param>
            <param name="index">For array elements, index of this element in the response</param>
            <returns>
            A new SendInvoiceResponse object created from the passed in NVP map
            </returns>
        </member>
        <member name="T:PayPal.Invoice.Model.CreateAndSendInvoiceRequest">
            <summary>
            The request object for CreateAndSendInvoice. 
            </summary>
        </member>
        <member name="F:PayPal.Invoice.Model.CreateAndSendInvoiceRequest.requestEnvelopeField">
            <summary>
            
            </summary>
        </member>
        <member name="F:PayPal.Invoice.Model.CreateAndSendInvoiceRequest.invoiceField">
            <summary>
            
            </summary>
        </member>
        <member name="M:PayPal.Invoice.Model.CreateAndSendInvoiceRequest.#ctor(PayPal.Invoice.Model.RequestEnvelope,PayPal.Invoice.Model.InvoiceType)">
            <summary>
            Constructor with arguments
            </summary>
        </member>
        <member name="M:PayPal.Invoice.Model.CreateAndSendInvoiceRequest.#ctor">
            <summary>
            Default Constructor
            </summary>
        </member>
        <member name="T:PayPal.Invoice.Model.CreateAndSendInvoiceResponse">
            <summary>
            The response object for CreateAndSendInvoice. 
            </summary>
        </member>
        <member name="F:PayPal.Invoice.Model.CreateAndSendInvoiceResponse.responseEnvelopeField">
            <summary>
            
            </summary>
        </member>
        <member name="F:PayPal.Invoice.Model.CreateAndSendInvoiceResponse.invoiceIDField">
            <summary>
            
            </summary>
        </member>
        <member name="F:PayPal.Invoice.Model.CreateAndSendInvoiceResponse.invoiceNumberField">
            <summary>
            
            </summary>
        </member>
        <member name="F:PayPal.Invoice.Model.CreateAndSendInvoiceResponse.invoiceURLField">
            <summary>
            
            </summary>
        </member>
        <member name="F:PayPal.Invoice.Model.CreateAndSendInvoiceResponse.totalAmountField">
            <summary>
            
            </summary>
        </member>
        <member name="F:PayPal.Invoice.Model.CreateAndSendInvoiceResponse.errorField">
            <summary>
            
            </summary>
        </member>
        <member name="M:PayPal.Invoice.Model.CreateAndSendInvoiceResponse.#ctor">
            <summary>
            Default Constructor
            </summary>
        </member>
        <member name="M:PayPal.Invoice.Model.CreateAndSendInvoiceResponse.CreateInstance(System.Collections.Generic.Dictionary{System.String,System.String},System.String,System.Int32)">
            <summary>
            Factory method for creating new object instances. For use by the de-serialization classes only.
            </summary>
            <param name="map">NVP map as returned by an API call</param>
            <param name="prefix">NVP prefix for this class in the response</param>
            <param name="index">For array elements, index of this element in the response</param>
            <returns>
            A new CreateAndSendInvoiceResponse object created from the passed in NVP map
            </returns>
        </member>
        <member name="T:PayPal.Invoice.Model.UpdateInvoiceRequest">
            <summary>
            The request object for UpdateInvoice. 
            </summary>
        </member>
        <member name="F:PayPal.Invoice.Model.UpdateInvoiceRequest.requestEnvelopeField">
            <summary>
            
            </summary>
        </member>
        <member name="F:PayPal.Invoice.Model.UpdateInvoiceRequest.invoiceIDField">
            <summary>
            
            </summary>
        </member>
        <member name="F:PayPal.Invoice.Model.UpdateInvoiceRequest.invoiceField">
            <summary>
            
            </summary>
        </member>
        <member name="M:PayPal.Invoice.Model.UpdateInvoiceRequest.#ctor(PayPal.Invoice.Model.RequestEnvelope,System.String,PayPal.Invoice.Model.InvoiceType)">
            <summary>
            Constructor with arguments
            </summary>
        </member>
        <member name="M:PayPal.Invoice.Model.UpdateInvoiceRequest.#ctor">
            <summary>
            Default Constructor
            </summary>
        </member>
        <member name="T:PayPal.Invoice.Model.UpdateInvoiceResponse">
            <summary>
            The response object for UpdateInvoice. 
            </summary>
        </member>
        <member name="F:PayPal.Invoice.Model.UpdateInvoiceResponse.responseEnvelopeField">
            <summary>
            
            </summary>
        </member>
        <member name="F:PayPal.Invoice.Model.UpdateInvoiceResponse.invoiceIDField">
            <summary>
            
            </summary>
        </member>
        <member name="F:PayPal.Invoice.Model.UpdateInvoiceResponse.invoiceNumberField">
            <summary>
            
            </summary>
        </member>
        <member name="F:PayPal.Invoice.Model.UpdateInvoiceResponse.invoiceURLField">
            <summary>
            
            </summary>
        </member>
        <member name="F:PayPal.Invoice.Model.UpdateInvoiceResponse.totalAmountField">
            <summary>
            
            </summary>
        </member>
        <member name="F:PayPal.Invoice.Model.UpdateInvoiceResponse.errorField">
            <summary>
            
            </summary>
        </member>
        <member name="M:PayPal.Invoice.Model.UpdateInvoiceResponse.#ctor">
            <summary>
            Default Constructor
            </summary>
        </member>
        <member name="M:PayPal.Invoice.Model.UpdateInvoiceResponse.CreateInstance(System.Collections.Generic.Dictionary{System.String,System.String},System.String,System.Int32)">
            <summary>
            Factory method for creating new object instances. For use by the de-serialization classes only.
            </summary>
            <param name="map">NVP map as returned by an API call</param>
            <param name="prefix">NVP prefix for this class in the response</param>
            <param name="index">For array elements, index of this element in the response</param>
            <returns>
            A new UpdateInvoiceResponse object created from the passed in NVP map
            </returns>
        </member>
        <member name="T:PayPal.Invoice.Model.GetInvoiceDetailsRequest">
            <summary>
            The request object for GetInvoiceDetails. 
            </summary>
        </member>
        <member name="F:PayPal.Invoice.Model.GetInvoiceDetailsRequest.requestEnvelopeField">
            <summary>
            
            </summary>
        </member>
        <member name="F:PayPal.Invoice.Model.GetInvoiceDetailsRequest.invoiceIDField">
            <summary>
            
            </summary>
        </member>
        <member name="M:PayPal.Invoice.Model.GetInvoiceDetailsRequest.#ctor(PayPal.Invoice.Model.RequestEnvelope,System.String)">
            <summary>
            Constructor with arguments
            </summary>
        </member>
        <member name="M:PayPal.Invoice.Model.GetInvoiceDetailsRequest.#ctor">
            <summary>
            Default Constructor
            </summary>
        </member>
        <member name="T:PayPal.Invoice.Model.GetInvoiceDetailsResponse">
            <summary>
            The response object for CreateInvoice. 
            </summary>
        </member>
        <member name="F:PayPal.Invoice.Model.GetInvoiceDetailsResponse.responseEnvelopeField">
            <summary>
            
            </summary>
        </member>
        <member name="F:PayPal.Invoice.Model.GetInvoiceDetailsResponse.invoiceField">
            <summary>
            
            </summary>
        </member>
        <member name="F:PayPal.Invoice.Model.GetInvoiceDetailsResponse.invoiceDetailsField">
            <summary>
            
            </summary>
        </member>
        <member name="F:PayPal.Invoice.Model.GetInvoiceDetailsResponse.paymentDetailsField">
            <summary>
            
            </summary>
        </member>
        <member name="F:PayPal.Invoice.Model.GetInvoiceDetailsResponse.refundDetailsField">
            <summary>
            
            </summary>
        </member>
        <member name="F:PayPal.Invoice.Model.GetInvoiceDetailsResponse.invoiceURLField">
            <summary>
            
            </summary>
        </member>
        <member name="F:PayPal.Invoice.Model.GetInvoiceDetailsResponse.errorField">
            <summary>
            
            </summary>
        </member>
        <member name="M:PayPal.Invoice.Model.GetInvoiceDetailsResponse.#ctor">
            <summary>
            Default Constructor
            </summary>
        </member>
        <member name="M:PayPal.Invoice.Model.GetInvoiceDetailsResponse.CreateInstance(System.Collections.Generic.Dictionary{System.String,System.String},System.String,System.Int32)">
            <summary>
            Factory method for creating new object instances. For use by the de-serialization classes only.
            </summary>
            <param name="map">NVP map as returned by an API call</param>
            <param name="prefix">NVP prefix for this class in the response</param>
            <param name="index">For array elements, index of this element in the response</param>
            <returns>
            A new GetInvoiceDetailsResponse object created from the passed in NVP map
            </returns>
        </member>
        <member name="T:PayPal.Invoice.Model.CancelInvoiceRequest">
            <summary>
            The request object for CancelInvoice. 
            </summary>
        </member>
        <member name="F:PayPal.Invoice.Model.CancelInvoiceRequest.requestEnvelopeField">
            <summary>
            
            </summary>
        </member>
        <member name="F:PayPal.Invoice.Model.CancelInvoiceRequest.invoiceIDField">
            <summary>
            
            </summary>
        </member>
        <member name="F:PayPal.Invoice.Model.CancelInvoiceRequest.subjectField">
            <summary>
            
            </summary>
        </member>
        <member name="F:PayPal.Invoice.Model.CancelInvoiceRequest.noteForPayerField">
            <summary>
            
            </summary>
        </member>
        <member name="F:PayPal.Invoice.Model.CancelInvoiceRequest.sendCopyToMerchantField">
            <summary>
            
            </summary>
        </member>
        <member name="M:PayPal.Invoice.Model.CancelInvoiceRequest.#ctor(PayPal.Invoice.Model.RequestEnvelope)">
            <summary>
            Constructor with arguments
            </summary>
        </member>
        <member name="M:PayPal.Invoice.Model.CancelInvoiceRequest.#ctor">
            <summary>
            Default Constructor
            </summary>
        </member>
        <member name="T:PayPal.Invoice.Model.CancelInvoiceResponse">
            <summary>
            The response object for CancelInvoice. 
            </summary>
        </member>
        <member name="F:PayPal.Invoice.Model.CancelInvoiceResponse.responseEnvelopeField">
            <summary>
            
            </summary>
        </member>
        <member name="F:PayPal.Invoice.Model.CancelInvoiceResponse.invoiceIDField">
            <summary>
            
            </summary>
        </member>
        <member name="F:PayPal.Invoice.Model.CancelInvoiceResponse.invoiceNumberField">
            <summary>
            
            </summary>
        </member>
        <member name="F:PayPal.Invoice.Model.CancelInvoiceResponse.invoiceURLField">
            <summary>
            
            </summary>
        </member>
        <member name="F:PayPal.Invoice.Model.CancelInvoiceResponse.errorField">
            <summary>
            
            </summary>
        </member>
        <member name="M:PayPal.Invoice.Model.CancelInvoiceResponse.#ctor">
            <summary>
            Default Constructor
            </summary>
        </member>
        <member name="M:PayPal.Invoice.Model.CancelInvoiceResponse.CreateInstance(System.Collections.Generic.Dictionary{System.String,System.String},System.String,System.Int32)">
            <summary>
            Factory method for creating new object instances. For use by the de-serialization classes only.
            </summary>
            <param name="map">NVP map as returned by an API call</param>
            <param name="prefix">NVP prefix for this class in the response</param>
            <param name="index">For array elements, index of this element in the response</param>
            <returns>
            A new CancelInvoiceResponse object created from the passed in NVP map
            </returns>
        </member>
        <member name="T:PayPal.Invoice.Model.SearchInvoicesRequest">
            <summary>
            The request object for SearchInvoices. 
            </summary>
        </member>
        <member name="F:PayPal.Invoice.Model.SearchInvoicesRequest.requestEnvelopeField">
            <summary>
            
            </summary>
        </member>
        <member name="F:PayPal.Invoice.Model.SearchInvoicesRequest.merchantEmailField">
            <summary>
            
            </summary>
        </member>
        <member name="F:PayPal.Invoice.Model.SearchInvoicesRequest.parametersField">
            <summary>
            
            </summary>
        </member>
        <member name="F:PayPal.Invoice.Model.SearchInvoicesRequest.pageField">
            <summary>
            
            </summary>
        </member>
        <member name="F:PayPal.Invoice.Model.SearchInvoicesRequest.pageSizeField">
            <summary>
            
            </summary>
        </member>
        <member name="M:PayPal.Invoice.Model.SearchInvoicesRequest.#ctor(PayPal.Invoice.Model.RequestEnvelope,System.String,PayPal.Invoice.Model.SearchParametersType,System.Nullable{System.Int32},System.Nullable{System.Int32})">
            <summary>
            Constructor with arguments
            </summary>
        </member>
        <member name="M:PayPal.Invoice.Model.SearchInvoicesRequest.#ctor">
            <summary>
            Default Constructor
            </summary>
        </member>
        <member name="T:PayPal.Invoice.Model.SearchInvoicesResponse">
            <summary>
            The response object for SearchInvoices. 
            </summary>
        </member>
        <member name="F:PayPal.Invoice.Model.SearchInvoicesResponse.responseEnvelopeField">
            <summary>
            
            </summary>
        </member>
        <member name="F:PayPal.Invoice.Model.SearchInvoicesResponse.countField">
            <summary>
            
            </summary>
        </member>
        <member name="F:PayPal.Invoice.Model.SearchInvoicesResponse.invoiceListField">
            <summary>
            
            </summary>
        </member>
        <member name="F:PayPal.Invoice.Model.SearchInvoicesResponse.pageField">
            <summary>
            
            </summary>
        </member>
        <member name="F:PayPal.Invoice.Model.SearchInvoicesResponse.hasNextPageField">
            <summary>
            
            </summary>
        </member>
        <member name="F:PayPal.Invoice.Model.SearchInvoicesResponse.hasPreviousPageField">
            <summary>
            
            </summary>
        </member>
        <member name="F:PayPal.Invoice.Model.SearchInvoicesResponse.errorField">
            <summary>
            
            </summary>
        </member>
        <member name="M:PayPal.Invoice.Model.SearchInvoicesResponse.#ctor">
            <summary>
            Default Constructor
            </summary>
        </member>
        <member name="M:PayPal.Invoice.Model.SearchInvoicesResponse.CreateInstance(System.Collections.Generic.Dictionary{System.String,System.String},System.String,System.Int32)">
            <summary>
            Factory method for creating new object instances. For use by the de-serialization classes only.
            </summary>
            <param name="map">NVP map as returned by an API call</param>
            <param name="prefix">NVP prefix for this class in the response</param>
            <param name="index">For array elements, index of this element in the response</param>
            <returns>
            A new SearchInvoicesResponse object created from the passed in NVP map
            </returns>
        </member>
        <member name="T:PayPal.Invoice.Model.MarkInvoiceAsPaidRequest">
            <summary>
            The request object for MarkInvoiceAsPaid. 
            </summary>
        </member>
        <member name="F:PayPal.Invoice.Model.MarkInvoiceAsPaidRequest.requestEnvelopeField">
            <summary>
            
            </summary>
        </member>
        <member name="F:PayPal.Invoice.Model.MarkInvoiceAsPaidRequest.invoiceIDField">
            <summary>
            
            </summary>
        </member>
        <member name="F:PayPal.Invoice.Model.MarkInvoiceAsPaidRequest.paymentField">
            <summary>
            
            </summary>
        </member>
        <member name="M:PayPal.Invoice.Model.MarkInvoiceAsPaidRequest.#ctor(PayPal.Invoice.Model.RequestEnvelope,System.String,PayPal.Invoice.Model.OtherPaymentDetailsType)">
            <summary>
            Constructor with arguments
            </summary>
        </member>
        <member name="M:PayPal.Invoice.Model.MarkInvoiceAsPaidRequest.#ctor">
            <summary>
            Default Constructor
            </summary>
        </member>
        <member name="T:PayPal.Invoice.Model.MarkInvoiceAsPaidResponse">
            <summary>
            The response object for MarkInvoiceAsPaid. 
            </summary>
        </member>
        <member name="F:PayPal.Invoice.Model.MarkInvoiceAsPaidResponse.responseEnvelopeField">
            <summary>
            
            </summary>
        </member>
        <member name="F:PayPal.Invoice.Model.MarkInvoiceAsPaidResponse.invoiceIDField">
            <summary>
            
            </summary>
        </member>
        <member name="F:PayPal.Invoice.Model.MarkInvoiceAsPaidResponse.invoiceNumberField">
            <summary>
            
            </summary>
        </member>
        <member name="F:PayPal.Invoice.Model.MarkInvoiceAsPaidResponse.invoiceURLField">
            <summary>
            
            </summary>
        </member>
        <member name="F:PayPal.Invoice.Model.MarkInvoiceAsPaidResponse.errorField">
            <summary>
            
            </summary>
        </member>
        <member name="M:PayPal.Invoice.Model.MarkInvoiceAsPaidResponse.#ctor">
            <summary>
            Default Constructor
            </summary>
        </member>
        <member name="M:PayPal.Invoice.Model.MarkInvoiceAsPaidResponse.CreateInstance(System.Collections.Generic.Dictionary{System.String,System.String},System.String,System.Int32)">
            <summary>
            Factory method for creating new object instances. For use by the de-serialization classes only.
            </summary>
            <param name="map">NVP map as returned by an API call</param>
            <param name="prefix">NVP prefix for this class in the response</param>
            <param name="index">For array elements, index of this element in the response</param>
            <returns>
            A new MarkInvoiceAsPaidResponse object created from the passed in NVP map
            </returns>
        </member>
        <member name="T:PayPal.Invoice.Model.MarkInvoiceAsRefundedRequest">
            <summary>
            The request object for MarkInvoiceAsRefunded. 
            </summary>
        </member>
        <member name="F:PayPal.Invoice.Model.MarkInvoiceAsRefundedRequest.requestEnvelopeField">
            <summary>
            
            </summary>
        </member>
        <member name="F:PayPal.Invoice.Model.MarkInvoiceAsRefundedRequest.invoiceIDField">
            <summary>
            
            </summary>
        </member>
        <member name="F:PayPal.Invoice.Model.MarkInvoiceAsRefundedRequest.refundDetailField">
            <summary>
            
            </summary>
        </member>
        <member name="M:PayPal.Invoice.Model.MarkInvoiceAsRefundedRequest.#ctor(PayPal.Invoice.Model.RequestEnvelope,System.String,PayPal.Invoice.Model.OtherPaymentRefundDetailsType)">
            <summary>
            Constructor with arguments
            </summary>
        </member>
        <member name="M:PayPal.Invoice.Model.MarkInvoiceAsRefundedRequest.#ctor">
            <summary>
            Default Constructor
            </summary>
        </member>
        <member name="T:PayPal.Invoice.Model.MarkInvoiceAsRefundedResponse">
            <summary>
            The response object for MarkInvoiceAsRefunded. 
            </summary>
        </member>
        <member name="F:PayPal.Invoice.Model.MarkInvoiceAsRefundedResponse.responseEnvelopeField">
            <summary>
            
            </summary>
        </member>
        <member name="F:PayPal.Invoice.Model.MarkInvoiceAsRefundedResponse.invoiceIDField">
            <summary>
            
            </summary>
        </member>
        <member name="F:PayPal.Invoice.Model.MarkInvoiceAsRefundedResponse.invoiceNumberField">
            <summary>
            
            </summary>
        </member>
        <member name="F:PayPal.Invoice.Model.MarkInvoiceAsRefundedResponse.invoiceURLField">
            <summary>
            
            </summary>
        </member>
        <member name="F:PayPal.Invoice.Model.MarkInvoiceAsRefundedResponse.errorField">
            <summary>
            
            </summary>
        </member>
        <member name="M:PayPal.Invoice.Model.MarkInvoiceAsRefundedResponse.#ctor">
            <summary>
            Default Constructor
            </summary>
        </member>
        <member name="M:PayPal.Invoice.Model.MarkInvoiceAsRefundedResponse.CreateInstance(System.Collections.Generic.Dictionary{System.String,System.String},System.String,System.Int32)">
            <summary>
            Factory method for creating new object instances. For use by the de-serialization classes only.
            </summary>
            <param name="map">NVP map as returned by an API call</param>
            <param name="prefix">NVP prefix for this class in the response</param>
            <param name="index">For array elements, index of this element in the response</param>
            <returns>
            A new MarkInvoiceAsRefundedResponse object created from the passed in NVP map
            </returns>
        </member>
        <member name="T:PayPal.Invoice.Model.MarkInvoiceAsUnpaidRequest">
            <summary>
            The request object for MarkInvoiceAsUnpaid. 
            </summary>
        </member>
        <member name="F:PayPal.Invoice.Model.MarkInvoiceAsUnpaidRequest.requestEnvelopeField">
            <summary>
            
            </summary>
        </member>
        <member name="F:PayPal.Invoice.Model.MarkInvoiceAsUnpaidRequest.invoiceIDField">
            <summary>
            
            </summary>
        </member>
        <member name="M:PayPal.Invoice.Model.MarkInvoiceAsUnpaidRequest.#ctor(PayPal.Invoice.Model.RequestEnvelope,System.String)">
            <summary>
            Constructor with arguments
            </summary>
        </member>
        <member name="M:PayPal.Invoice.Model.MarkInvoiceAsUnpaidRequest.#ctor">
            <summary>
            Default Constructor
            </summary>
        </member>
        <member name="T:PayPal.Invoice.Model.MarkInvoiceAsUnpaidResponse">
            <summary>
            The response object for MarkInvoiceAsUnpaid. 
            </summary>
        </member>
        <member name="F:PayPal.Invoice.Model.MarkInvoiceAsUnpaidResponse.responseEnvelopeField">
            <summary>
            
            </summary>
        </member>
        <member name="F:PayPal.Invoice.Model.MarkInvoiceAsUnpaidResponse.invoiceIDField">
            <summary>
            
            </summary>
        </member>
        <member name="F:PayPal.Invoice.Model.MarkInvoiceAsUnpaidResponse.invoiceNumberField">
            <summary>
            
            </summary>
        </member>
        <member name="F:PayPal.Invoice.Model.MarkInvoiceAsUnpaidResponse.invoiceURLField">
            <summary>
            
            </summary>
        </member>
        <member name="F:PayPal.Invoice.Model.MarkInvoiceAsUnpaidResponse.errorField">
            <summary>
            
            </summary>
        </member>
        <member name="M:PayPal.Invoice.Model.MarkInvoiceAsUnpaidResponse.#ctor">
            <summary>
            Default Constructor
            </summary>
        </member>
        <member name="M:PayPal.Invoice.Model.MarkInvoiceAsUnpaidResponse.CreateInstance(System.Collections.Generic.Dictionary{System.String,System.String},System.String,System.Int32)">
            <summary>
            Factory method for creating new object instances. For use by the de-serialization classes only.
            </summary>
            <param name="map">NVP map as returned by an API call</param>
            <param name="prefix">NVP prefix for this class in the response</param>
            <param name="index">For array elements, index of this element in the response</param>
            <returns>
            A new MarkInvoiceAsUnpaidResponse object created from the passed in NVP map
            </returns>
        </member>
        <member name="T:PayPal.Invoice.Model.PaymentRefundDetailsType">
            <summary>
            Payment refund details about the invoice.  
            </summary>
        </member>
        <member name="F:PayPal.Invoice.Model.PaymentRefundDetailsType.viaPayPalField">
            <summary>
            
            </summary>
        </member>
        <member name="F:PayPal.Invoice.Model.PaymentRefundDetailsType.paypalPaymentField">
            <summary>
            
            </summary>
        </member>
        <member name="F:PayPal.Invoice.Model.PaymentRefundDetailsType.otherPaymentField">
            <summary>
            
            </summary>
        </member>
        <member name="M:PayPal.Invoice.Model.PaymentRefundDetailsType.#ctor">
            <summary>
            Default Constructor
            </summary>
        </member>
        <member name="M:PayPal.Invoice.Model.PaymentRefundDetailsType.CreateInstance(System.Collections.Generic.Dictionary{System.String,System.String},System.String,System.Int32)">
            <summary>
            Factory method for creating new object instances. For use by the de-serialization classes only.
            </summary>
            <param name="map">NVP map as returned by an API call</param>
            <param name="prefix">NVP prefix for this class in the response</param>
            <param name="index">For array elements, index of this element in the response</param>
            <returns>
            A new PaymentRefundDetailsType object created from the passed in NVP map
            </returns>
        </member>
        <member name="F:PayPal.Invoice.InvoiceService.ServiceVersion">
            <summary>
            Service Version
            </summary>
        </member>
        <member name="F:PayPal.Invoice.InvoiceService.ServiceName">
            <summary>
            Service Name
            </summary>
        </member>
        <member name="F:PayPal.Invoice.InvoiceService.SDKName">
            <summary>
            SDK Name
            </summary>
        </member>
        <member name="F:PayPal.Invoice.InvoiceService.SDKVersion">
            <summary>
            SDK Version
            </summary>
        </member>
        <member name="M:PayPal.Invoice.InvoiceService.#ctor">
            <summary>
            Default constructor for loading configuration from *.Config file
            </summary>
        </member>
        <member name="M:PayPal.Invoice.InvoiceService.#ctor(System.Collections.Generic.Dictionary{System.String,System.String})">
            <summary>
            constructor for passing in a dynamic configuration object
            </summary>
        </member>
        <member name="M:PayPal.Invoice.InvoiceService.CreateInvoice(PayPal.Invoice.Model.CreateInvoiceRequest,System.String)">
             <summary>
             
             </summary>
            <param name="createInvoiceRequest"></param>
            <param name="apiUserName">API Username that you want to authenticate this call against. This username and the corresponding 3-token/certificate credentials must be available in Web.Config/App.Config</param>
        </member>
        <member name="M:PayPal.Invoice.InvoiceService.CreateInvoice(PayPal.Invoice.Model.CreateInvoiceRequest)">
             <summary> 
             
             </summary>
            <param name="createInvoiceRequest"></param>
        </member>
        <member name="M:PayPal.Invoice.InvoiceService.CreateInvoice(PayPal.Invoice.Model.CreateInvoiceRequest,PayPal.Authentication.ICredential)">
             <summary>
             
             </summary>
            <param name="createInvoiceRequest"></param>
            <param name="credential">An explicit ICredential object that you want to authenticate this call against</param> 
        </member>
        <member name="M:PayPal.Invoice.InvoiceService.SendInvoice(PayPal.Invoice.Model.SendInvoiceRequest,System.String)">
             <summary>
             
             </summary>
            <param name="sendInvoiceRequest"></param>
            <param name="apiUserName">API Username that you want to authenticate this call against. This username and the corresponding 3-token/certificate credentials must be available in Web.Config/App.Config</param>
        </member>
        <member name="M:PayPal.Invoice.InvoiceService.SendInvoice(PayPal.Invoice.Model.SendInvoiceRequest)">
             <summary> 
             
             </summary>
            <param name="sendInvoiceRequest"></param>
        </member>
        <member name="M:PayPal.Invoice.InvoiceService.SendInvoice(PayPal.Invoice.Model.SendInvoiceRequest,PayPal.Authentication.ICredential)">
             <summary>
             
             </summary>
            <param name="sendInvoiceRequest"></param>
            <param name="credential">An explicit ICredential object that you want to authenticate this call against</param> 
        </member>
        <member name="M:PayPal.Invoice.InvoiceService.CreateAndSendInvoice(PayPal.Invoice.Model.CreateAndSendInvoiceRequest,System.String)">
             <summary>
             
             </summary>
            <param name="createAndSendInvoiceRequest"></param>
            <param name="apiUserName">API Username that you want to authenticate this call against. This username and the corresponding 3-token/certificate credentials must be available in Web.Config/App.Config</param>
        </member>
        <member name="M:PayPal.Invoice.InvoiceService.CreateAndSendInvoice(PayPal.Invoice.Model.CreateAndSendInvoiceRequest)">
             <summary> 
             
             </summary>
            <param name="createAndSendInvoiceRequest"></param>
        </member>
        <member name="M:PayPal.Invoice.InvoiceService.CreateAndSendInvoice(PayPal.Invoice.Model.CreateAndSendInvoiceRequest,PayPal.Authentication.ICredential)">
             <summary>
             
             </summary>
            <param name="createAndSendInvoiceRequest"></param>
            <param name="credential">An explicit ICredential object that you want to authenticate this call against</param> 
        </member>
        <member name="M:PayPal.Invoice.InvoiceService.UpdateInvoice(PayPal.Invoice.Model.UpdateInvoiceRequest,System.String)">
             <summary>
             
             </summary>
            <param name="updateInvoiceRequest"></param>
            <param name="apiUserName">API Username that you want to authenticate this call against. This username and the corresponding 3-token/certificate credentials must be available in Web.Config/App.Config</param>
        </member>
        <member name="M:PayPal.Invoice.InvoiceService.UpdateInvoice(PayPal.Invoice.Model.UpdateInvoiceRequest)">
             <summary> 
             
             </summary>
            <param name="updateInvoiceRequest"></param>
        </member>
        <member name="M:PayPal.Invoice.InvoiceService.UpdateInvoice(PayPal.Invoice.Model.UpdateInvoiceRequest,PayPal.Authentication.ICredential)">
             <summary>
             
             </summary>
            <param name="updateInvoiceRequest"></param>
            <param name="credential">An explicit ICredential object that you want to authenticate this call against</param> 
        </member>
        <member name="M:PayPal.Invoice.InvoiceService.GetInvoiceDetails(PayPal.Invoice.Model.GetInvoiceDetailsRequest,System.String)">
             <summary>
             
             </summary>
            <param name="getInvoiceDetailsRequest"></param>
            <param name="apiUserName">API Username that you want to authenticate this call against. This username and the corresponding 3-token/certificate credentials must be available in Web.Config/App.Config</param>
        </member>
        <member name="M:PayPal.Invoice.InvoiceService.GetInvoiceDetails(PayPal.Invoice.Model.GetInvoiceDetailsRequest)">
             <summary> 
             
             </summary>
            <param name="getInvoiceDetailsRequest"></param>
        </member>
        <member name="M:PayPal.Invoice.InvoiceService.GetInvoiceDetails(PayPal.Invoice.Model.GetInvoiceDetailsRequest,PayPal.Authentication.ICredential)">
             <summary>
             
             </summary>
            <param name="getInvoiceDetailsRequest"></param>
            <param name="credential">An explicit ICredential object that you want to authenticate this call against</param> 
        </member>
        <member name="M:PayPal.Invoice.InvoiceService.CancelInvoice(PayPal.Invoice.Model.CancelInvoiceRequest,System.String)">
             <summary>
             
             </summary>
            <param name="cancelInvoiceRequest"></param>
            <param name="apiUserName">API Username that you want to authenticate this call against. This username and the corresponding 3-token/certificate credentials must be available in Web.Config/App.Config</param>
        </member>
        <member name="M:PayPal.Invoice.InvoiceService.CancelInvoice(PayPal.Invoice.Model.CancelInvoiceRequest)">
             <summary> 
             
             </summary>
            <param name="cancelInvoiceRequest"></param>
        </member>
        <member name="M:PayPal.Invoice.InvoiceService.CancelInvoice(PayPal.Invoice.Model.CancelInvoiceRequest,PayPal.Authentication.ICredential)">
             <summary>
             
             </summary>
            <param name="cancelInvoiceRequest"></param>
            <param name="credential">An explicit ICredential object that you want to authenticate this call against</param> 
        </member>
        <member name="M:PayPal.Invoice.InvoiceService.SearchInvoices(PayPal.Invoice.Model.SearchInvoicesRequest,System.String)">
             <summary>
             
             </summary>
            <param name="searchInvoicesRequest"></param>
            <param name="apiUserName">API Username that you want to authenticate this call against. This username and the corresponding 3-token/certificate credentials must be available in Web.Config/App.Config</param>
        </member>
        <member name="M:PayPal.Invoice.InvoiceService.SearchInvoices(PayPal.Invoice.Model.SearchInvoicesRequest)">
             <summary> 
             
             </summary>
            <param name="searchInvoicesRequest"></param>
        </member>
        <member name="M:PayPal.Invoice.InvoiceService.SearchInvoices(PayPal.Invoice.Model.SearchInvoicesRequest,PayPal.Authentication.ICredential)">
             <summary>
             
             </summary>
            <param name="searchInvoicesRequest"></param>
            <param name="credential">An explicit ICredential object that you want to authenticate this call against</param> 
        </member>
        <member name="M:PayPal.Invoice.InvoiceService.MarkInvoiceAsPaid(PayPal.Invoice.Model.MarkInvoiceAsPaidRequest,System.String)">
             <summary>
             
             </summary>
            <param name="markInvoiceAsPaidRequest"></param>
            <param name="apiUserName">API Username that you want to authenticate this call against. This username and the corresponding 3-token/certificate credentials must be available in Web.Config/App.Config</param>
        </member>
        <member name="M:PayPal.Invoice.InvoiceService.MarkInvoiceAsPaid(PayPal.Invoice.Model.MarkInvoiceAsPaidRequest)">
             <summary> 
             
             </summary>
            <param name="markInvoiceAsPaidRequest"></param>
        </member>
        <member name="M:PayPal.Invoice.InvoiceService.MarkInvoiceAsPaid(PayPal.Invoice.Model.MarkInvoiceAsPaidRequest,PayPal.Authentication.ICredential)">
             <summary>
             
             </summary>
            <param name="markInvoiceAsPaidRequest"></param>
            <param name="credential">An explicit ICredential object that you want to authenticate this call against</param> 
        </member>
        <member name="M:PayPal.Invoice.InvoiceService.MarkInvoiceAsUnpaid(PayPal.Invoice.Model.MarkInvoiceAsUnpaidRequest,System.String)">
             <summary>
             
             </summary>
            <param name="markInvoiceAsUnpaidRequest"></param>
            <param name="apiUserName">API Username that you want to authenticate this call against. This username and the corresponding 3-token/certificate credentials must be available in Web.Config/App.Config</param>
        </member>
        <member name="M:PayPal.Invoice.InvoiceService.MarkInvoiceAsUnpaid(PayPal.Invoice.Model.MarkInvoiceAsUnpaidRequest)">
             <summary> 
             
             </summary>
            <param name="markInvoiceAsUnpaidRequest"></param>
        </member>
        <member name="M:PayPal.Invoice.InvoiceService.MarkInvoiceAsUnpaid(PayPal.Invoice.Model.MarkInvoiceAsUnpaidRequest,PayPal.Authentication.ICredential)">
             <summary>
             
             </summary>
            <param name="markInvoiceAsUnpaidRequest"></param>
            <param name="credential">An explicit ICredential object that you want to authenticate this call against</param> 
        </member>
        <member name="M:PayPal.Invoice.InvoiceService.MarkInvoiceAsRefunded(PayPal.Invoice.Model.MarkInvoiceAsRefundedRequest,System.String)">
             <summary>
             
             </summary>
            <param name="markInvoiceAsRefundedRequest"></param>
            <param name="apiUserName">API Username that you want to authenticate this call against. This username and the corresponding 3-token/certificate credentials must be available in Web.Config/App.Config</param>
        </member>
        <member name="M:PayPal.Invoice.InvoiceService.MarkInvoiceAsRefunded(PayPal.Invoice.Model.MarkInvoiceAsRefundedRequest)">
             <summary> 
             
             </summary>
            <param name="markInvoiceAsRefundedRequest"></param>
        </member>
        <member name="M:PayPal.Invoice.InvoiceService.MarkInvoiceAsRefunded(PayPal.Invoice.Model.MarkInvoiceAsRefundedRequest,PayPal.Authentication.ICredential)">
             <summary>
             
             </summary>
            <param name="markInvoiceAsRefundedRequest"></param>
            <param name="credential">An explicit ICredential object that you want to authenticate this call against</param> 
        </member>
    </members>
</doc>
